PNR,DEP. DATE,TBO,TRIPEUR,LOSS,PERCENTLOSS,PASS/FAIL
A422CE,09-04-2018,75705.01,76139,-433.99000000000524,-0.5732645699406226,PASS
GUE7JR,09-04-2018,8418,8418,0,0,PASS
B483CG,09-04-2018,11075.64,11464,-388.3600000000006,-3.506433939709133,PASS
AFFSXD,09-04-2018,4837.69,4966,-128.3100000000004,-2.652298927794059,PASS
IKLCGR,09-04-2018,4837.69,4966,-128.3100000000004,-2.652298927794059,PASS
Q1L98L,09-04-2018,5304.23,5547,-242.77000000000044,-4.576913142906708,PASS
YE6FFZ,09-04-2018,8374.91,8493,-118.09000000000015,-1.4100450034686958,PASS
JB7JHC,09-04-2018,8374.91,8493,-118.09000000000015,-1.4100450034686958,PASS
GKPDQR,09-04-2018,4293.88,4416,-122.11999999999989,-2.8440478075772937,PASS
N7J2PC,09-04-2018,2398.91,2580,-181.09000000000015,-7.548845100483143,PASS
PL1NRO,09-04-2018,22213.7,22431,-217.29999999999927,-0.9782251493447703,PASS
NC5FTD,09-04-2018,8307.13,8778,-470.8700000000008,-5.668263287079904,PASS
UB5QQW,09-04-2018,5050.39,5405,-354.6099999999997,-7.021437948356457,PASS
ZY5EMI,09-04-2018,6605.98,6735,-129.02000000000044,-1.953078877017497,PASS
W3QIPI,09-04-2018,7207.12,14884,-7676.88,-106.5179988677863,PASS
X34TNY,17-04-2018,152658.65,155548,-2889.350000000006,-1.8926867229600197,PASS
LNR3YZ,17-04-2018,9491,9580,-89,-0.9377304815087978,PASS
WOT2QY,17-04-2018,3803.99,3915,-111.01000000000022,-2.9182516252671595,PASS
NYQARZ,17-04-2018,7240.1,14902,-7661.9,-105.82588638278476,PASS
7DHS1A,17-04-2018,5965.77,18639,-12673.23,-212.43242699601223,PASS
HCJ55U,17-04-2018,9133.61,9478,-344.3899999999994,-3.770579212381516,PASS
LINOFH,17-04-2018,5760.35,5926,-165.64999999999964,-2.8756933172463413,PASS
MHDZUA,17-04-2018,6856.92,6979,-122.07999999999993,-1.7803911960472036,PASS
M2KGQY,17-04-2018,5934.94,6192,-257.0600000000004,-4.331299052728426,PASS
U46IQV,17-04-2018,5934.94,12384,-6449.06,-108.66259810545684,PASS
H6GQWM,17-04-2018,2762.53,2918,-155.4699999999998,-5.627812186654979,PASS
QD5Z5U,17-04-2018,4760.82,4957,-196.1800000000003,-4.120718699719802,PASS
Z5KJXL,17-04-2018,4003.68,4192,-188.32000000000016,-4.7036726211885105,PASS
JWLEWW,17-04-2018,2690,2749,-59,-2.193308550185874,PASS
XK4WTX,17-04-2018,4837.69,4984,-146.3100000000004,-3.0243773371175173,PASS
WDDW2Z,17-04-2018,10935.41,11076,-140.59000000000015,-1.2856399531430478,PASS
98PMQ2,14-04-2018,5580.57,5795,-214.4300000000003,-3.8424390340054924,PASS
DHZT2K,14-04-2018,3527.42,3635,-107.57999999999993,-3.0498211157163007,PASS
Q8TC2Z,14-04-2018,4779.44,4971,-191.5600000000004,-4.008000937348317,PASS
FJRUUV,14-04-2018,9491,9550,-59,-0.6216415551575176,PASS
IKPN9B,14-04-2018,4622.55,4761,-138.44999999999982,-2.9951001070837484,PASS
PI5F9K,14-04-2018,4073.45,4195,-121.55000000000018,-2.983957087972117,PASS
U5XLKE,14-04-2018,4482.54,4710,-227.46000000000004,-5.074355164705726,PASS
K4NW7P,14-04-2018,10002.67,10290,-287.3299999999999,-2.8725330336800066,PASS
V8FL8L,14-04-2018,3080.05,3200,-119.94999999999982,-3.894417298420474,PASS
LRZ8B0,14-04-2018,4604.59,4790,-185.40999999999985,-4.026634293172679,PASS
A9QZQF,14-04-2018,2176.1,2367,-190.9000000000001,-8.772574789761505,PASS
NQJ1J4,14-04-2018,10831.89,10970,-138.11000000000058,-1.2750314118773416,PASS
V6FW42,05-04-2018,3348.3,7104,-3755.7,-112.167368515366,PASS
M6UQMB,05-04-2018,7380.71,7548,-167.28999999999996,-2.2665841091168732,PASS
TBQ86D,05-04-2018,8371.86,8839,-467.1399999999994,-5.5798830845236225,PASS
TEMG3G,13-04-2018,5517.73,5669,-151.27000000000044,-2.7415259536077414,PASS
UTTTNP,13-04-2018,9435.36,9789,-353.6399999999994,-3.748028692068977,PASS
U9RV3Q,13-04-2018,8718.7,8981,-262.2999999999993,-3.0084760342711556,PASS
UEKF5H,13-04-2018,9028.77,9329,-300.22999999999956,-3.3252591438257872,PASS
N3GGV2,13-04-2018,7099.69,7380,-280.3100000000004,-3.948200555235516,PASS
NB3HKS,13-04-2018,5553.7,5679,-125.30000000000018,-2.2561535552874696,PASS
EYHJMN,13-04-2018,9447.73,9725,-277.27000000000044,-2.934779042161455,PASS
7TRGTU,13-04-2018,10600.92,10928,-327.0799999999999,-3.085392588567784,PASS
BJLFGE,13-04-2018,9393.44,9530,-136.5599999999995,-1.4537805106542383,PASS
MF22NG,13-04-2018,4133.03,4161,-27.970000000000255,-0.6767432126067379,PASS
OIWMMK,13-04-2018,4269.94,4278,-8.0600000000004,-0.18876143458691225,PASS
TJQ3WX,13-04-2018,7376.36,7603,-226.64000000000033,-3.0725181525847485,PASS
7NDNH8,13-04-2018,6460,6460,0,0,PASS
T3V8MV,03-04-2018,3890.45,4180,-289.5500000000002,-7.442583762803793,PASS
Y3HN3V,03-04-2018,4726.66,5044,-317.34000000000015,-6.713831754346625,PASS
RCP4XK,03-04-2018,5674.88,6060,-385.1199999999999,-6.7863990075561045,PASS
AJS23B,03-04-2018,2981.4,5998,-3016.6,-101.18065338431607,PASS
W6P73O,15-04-2018,3780.8,3781,-0.1999999999998181,-0.005289885738463238,PASS
CP9J7Q,15-04-2018,1899,5697,-3798,-200,PASS
SEF49R,15-04-2018,3471.56,3641,-169.44000000000005,-4.8808028667227426,PASS
BCZ64Z,15-04-2018,11769.33,11922,-152.67000000000007,-1.2971851413801812,PASS
V4IZPV,15-04-2018,22622.4,49327,-26704.6,-118.04494660159841,PASS
S6JFVV,15-04-2018,5272.69,5445,-172.3100000000004,-3.267971377039052,PASS
OENWSW,15-04-2018,7180.79,7199,-18.210000000000036,-0.2535932675931205,PASS
2H9STY,15-04-2018,5709.61,5960,-250.39000000000033,-4.385413364485497,PASS
DJ8MNI,18-04-2018,3990,4079,-89,-2.2305764411027567,PASS
XD2PFQ,18-04-2018,9337.95,9664,-326.0499999999993,-3.491665729630157,PASS
WP6Y5G,18-04-2018,3990,3990,0,0,PASS
LDC6XH,18-04-2018,8493.06,26454,-17960.940000000002,-211.4778419085701,PASS
A9CSRQ,18-04-2018,6377.07,6640,-262.9300000000003,-4.123053377177925,PASS
MHLTNN,18-04-2018,5928.92,6046,-117.07999999999993,-1.9747272690473126,PASS
R7182C,18-04-2018,4351.97,4528,-176.02999999999975,-4.044834867887411,PASS
T8UHWL,18-04-2018,9765.26,9990,-224.73999999999978,-2.3014236180091445,PASS
TGTJXO,18-04-2018,11116.32,11257,-140.6800000000003,-1.2655267210731636,PASS
RH7EXE,18-04-2018,5956.68,6168,-211.3199999999997,-3.5476137714297176,PASS
S74R5C,18-04-2018,5956.68,6168,-211.3199999999997,-3.5476137714297176,PASS
VCMYHI,18-04-2018,6553.89,6814,-260.1099999999997,-3.968788002239886,PASS
PWW8RW,18-04-2018,2690,8070,-5380,-200,PASS
T7DZ9N,18-04-2018,7913.69,8104,-190.3100000000004,-2.404820001794364,PASS
L9NCSI,18-04-2018,2723.33,2796,-72.67000000000007,-2.668424318756819,PASS
LCKZRQ,18-04-2018,3477.81,3656,-178.19000000000005,-5.123626650104521,PASS
TDTQ6J,18-04-2018,5044.41,5188,-143.59000000000015,-2.8465172339282523,PASS
K6RLPB,18-04-2018,5377.11,5527,-149.89000000000033,-2.7875568846462198,PASS
Y9IPFY,18-04-2018,4340.66,4352,-11.340000000000146,-0.26125059322776134,PASS
V496X2,18-04-2018,4119.65,4161,-41.350000000000364,-1.0037260446882712,PASS
OBGS4P,18-04-2018,10154.93,10182,-27.06999999999971,-0.2665700305171942,PASS
8DHRXS,18-04-2018,4172.5,4190,-17.5,-0.4194128220491312,PASS
LOQGXQ,18-04-2018,5604.52,5796,-191.47999999999956,-3.4165280880432145,PASS
OE8MF3,22-04-2018,1498.85,1700,-201.1500000000001,-13.420288888147585,PASS
M2LHOT,22-04-2018,5240.86,5404,-163.14000000000033,-3.1128478913766124,PASS
N5B66V,22-04-2018,5385.71,5588,-202.28999999999996,-3.7560507342578777,PASS
TGWGLC,22-04-2018,4900.81,5063,-162.1899999999996,-3.3094529271691737,PASS
S73ZUR,22-04-2018,7226.29,7360,-133.71000000000004,-1.8503270696304748,PASS
MZSTWN,22-04-2018,5604.52,5769,-164.47999999999956,-2.934774075210715,PASS
AC5T8Z,22-04-2018,6503.55,6625,-121.44999999999982,-1.8674416280339172,PASS
MG4JND,22-04-2018,6879.59,7001,-121.40999999999985,-1.764785401455608,PASS
PGD95G,22-04-2018,8590.63,8764,-173.3700000000008,-2.018129054562946,PASS
RYGLRJ,22-04-2018,9244.42,9569,-324.5799999999999,-3.5110910149041255,PASS
RG8HRV,22-04-2018,5859.06,6107,-247.9399999999996,-4.231736831505388,PASS
NP8SUG,22-04-2018,3386,3386,0,0,PASS
O5QUEP,22-04-2018,6201.87,6356,-154.1300000000001,-2.485218168068665,PASS
H3HWYV,22-04-2018,2343.16,2488,-144.84000000000015,-6.181396063435709,PASS
U8D87L,22-04-2018,6529.95,6656,-126.05000000000018,-1.930336373172845,PASS
FYUMYS,22-04-2018,1936.02,2011,-74.98000000000002,-3.8728938750632746,PASS
295Q38,22-04-2018,1929.74,2039,-109.25999999999999,-5.661902639733849,PASS
N715JB,22-04-2018,7252.26,7383,-130.73999999999978,-1.802748384641474,PASS
HK2J6S,25-04-2018,5191,5304,-113,-2.1768445386245427,PASS
HKEDFS,25-04-2018,3779.5,3780,-0.5,-0.013229263130043656,PASS
FT4B8U,25-04-2018,2777.5,2778,-0.5,-0.018001800180018002,PASS
WG2LH5,25-04-2018,2916.55,3069,-152.44999999999982,-5.227066225506157,PASS
TG1B8D,25-04-2018,5553.65,11340,-5786.35,-104.1900371827537,PASS
KWJ33O,25-04-2018,6046.91,6211,-164.09000000000015,-2.713617368209551,PASS
PH2PGA,25-04-2018,12635.4,12781,-145.60000000000036,-1.1523180904443102,PASS
H8CGGY,25-04-2018,4582.56,4673,-90.4399999999996,-1.9735693586117715,PASS
EDVT7G,25-04-2018,4582.56,4673,-90.4399999999996,-1.9735693586117715,PASS
1L8WK4,25-04-2018,5748.16,5948,-199.84000000000015,-3.476590769915941,PASS
1M326K,25-04-2018,7624.66,7937,-312.34000000000015,-4.096444956234116,PASS
IMB38M,25-04-2018,6278.5,6391,-112.5,-1.7918292585808713,PASS
EIFD8H,25-04-2018,3744.34,3754,-9.659999999999854,-0.2579893919889715,PASS
R8MLGL,25-04-2018,3744.34,3754,-9.659999999999854,-0.2579893919889715,PASS
29M1KM,25-04-2018,1355.11,1463,-107.8900000000001,-7.961715285106013,PASS
GCQTRM,25-04-2018,5512.77,5639,-126.22999999999956,-2.2897744690962902,PASS
LT5VKW,06-04-2018,6602.3,6714,-111.69999999999982,-1.6918346636778065,PASS
U6CNWP,06-04-2018,5545.29,5794,-248.71000000000004,-4.485067507740805,PASS
NBDYYG,06-04-2018,2741.91,2826,-84.09000000000015,-3.0668402682801457,PASS
RFGWTG,06-04-2018,6862.12,7001,-138.8800000000001,-2.023864345129495,PASS
OGFH3A,06-04-2018,4837.69,4966,-128.3100000000004,-2.652298927794059,PASS
B7LYFL,06-04-2018,4744.33,4871,-126.67000000000007,-2.6699238880937894,PASS
ZEC4NN,06-04-2018,4154.7,4358,-203.30000000000018,-4.8932534238332535,PASS
F2QMXI,06-04-2018,5226.2,5536,-309.8000000000002,-5.927825188473465,PASS
YKFBGV,06-04-2018,2788,2901,-113,-4.053084648493543,PASS
GDFLFE,06-04-2018,4430.07,4811,-380.9300000000003,-8.598735460162036,PASS
G3NB4Y,06-04-2018,5612.39,5988,-375.6099999999997,-6.6925142408136225,PASS
W4TDLC,06-04-2018,9680.45,10105,-424.5499999999993,-4.38564322939532,PASS
PIQBRL,05-05-2018,2490,7470,-4980,-200,PASS
IR9VGN,05-05-2018,7328.5,7441,-112.5,-1.5351026813126833,PASS
TLWWHS,05-05-2018,7505.5,7618,-112.5,-1.4989008060755447,PASS
IYFUVW,05-05-2018,9695.38,10112,-416.6200000000008,-4.297098205537079,PASS
YYB8PZ,05-05-2018,5580.81,11856,-6275.19,-112.44227988410283,PASS
RBRF8P,05-05-2018,5532.81,11370,-5837.19,-105.50136368319171,PASS
PE58UZ,05-05-2018,6227.72,6302,-74.27999999999975,-1.1927318505006608,PASS
T59XGE,21-04-2018,10047.19,10208,-160.8099999999995,-1.6005470186191313,PASS
T5JX76,21-04-2018,3563.72,3693,-129.2800000000002,-3.6276699628478166,PASS
ZDJV5Z,21-04-2018,7252.26,7375,-122.73999999999978,-1.6924379434824424,PASS
VP9JWJ,21-04-2018,10491,10586,-95,-0.9055380802592699,PASS
MEF9WJ,21-04-2018,9833.92,9980,-146.07999999999993,-1.485470697341446,PASS
XL9N8R,21-04-2018,4631.42,4750,-118.57999999999993,-2.5603378661404044,PASS
H9M1HV,21-04-2018,5103.66,5224,-120.34000000000015,-2.357915691876029,PASS
SXYTXQ,21-04-2018,10345.88,10671,-325.1200000000008,-3.1425069689576994,PASS
VJHRWL,21-04-2018,4689,4802,-113,-2.4098955001066327,PASS
WD7CYP,21-04-2018,4837.69,4871,-33.3100000000004,-0.6885517674758077,PASS
JFLQ8Q,23-04-2018,6942.52,7062,-119.47999999999956,-1.7209889204496287,PASS
T606PQ,23-04-2018,3642.72,3772,-129.2800000000002,-3.5489963543725627,PASS
T61QKY,23-04-2018,3642.72,3772,-129.2800000000002,-3.5489963543725627,PASS
8M9S18,23-04-2018,17179.84,17343,-163.15999999999985,-0.9497178087805234,PASS
4HP3PY,23-04-2018,5250,5840,-590,-11.238095238095239,PASS
L8QSFY,23-04-2018,7681.92,7818,-136.07999999999993,-1.771432141964508,PASS
5N2KKY,23-04-2018,4266.54,4472,-205.46000000000004,-4.8156117134727445,PASS
DE5ZRW,23-04-2018,4791.63,4912,-120.36999999999989,-2.5120887881576808,PASS
JYWVPS,23-04-2018,5705.86,5831,-125.14000000000033,-2.193183849586221,PASS
JG65RD,23-04-2018,6743.8,6866,-122.19999999999982,-1.8120347578516536,PASS
VG1HDA,23-04-2018,2785.88,2890,-104.11999999999989,-3.737418697144166,PASS
WQBUFV,23-04-2018,5033.2,10416,-5382.8,-106.9458793610427,PASS
JG4RE3,23-04-2018,6075.4,6258,-182.60000000000036,-3.0055634196925367,PASS
UN3B2K,23-04-2018,5021.69,5220,-198.3100000000004,-3.949068938942874,PASS
IKSL5P,23-04-2018,2289,2402,-113,-4.936653560506771,PASS
ZF42RJ,23-04-2018,9440.1,9577,-136.89999999999964,-1.4501965021556935,PASS
KI97FL,23-04-2018,3777.5,3890,-112.5,-2.9781601588352085,PASS
E7EI5L,23-04-2018,3741.69,3752,-10.309999999999945,-0.27554393870149435,PASS
VULH5E,23-04-2018,3779.5,3780,-0.5,-0.013229263130043656,PASS
PP7BSW,23-04-2018,27600.5,28825,-1224.5,-4.4365138312711725,PASS
AJ369E,23-04-2018,17205,17264,-59,-0.34292356873002033,PASS
AFK6JK,23-04-2018,24523.16,24917,-393.84000000000015,-1.6059920499641975,PASS
R2SPNK,23-04-2018,34337.43,34808,-470.5699999999997,-1.3704287129234767,PASS
CSLZRX,27-04-2018,6478.5,26268,-19789.5,-305.46422783051634,PASS
EG41NE,27-04-2018,11193.31,11679,-485.6900000000005,-4.339109700347802,PASS
HEP2PX,27-04-2018,12410.14,12823,-412.8600000000006,-3.326795668703178,PASS
X2UHUE,27-04-2018,3726,3909,-183,-4.911433172302738,PASS
O4GGZ2,27-04-2018,6675.65,6913,-237.35000000000036,-3.5554590189719413,PASS
WM861C,27-04-2018,8637.07,8873,-235.9300000000003,-2.7315976366985595,PASS
QAO2CN,27-04-2018,7186.87,7432,-245.1300000000001,-3.4108033121511885,PASS
U3KL3X,27-04-2018,5362.15,5539,-176.85000000000036,-3.298117359641196,PASS
RG1IRT,27-04-2018,8998.32,9120,-121.68000000000029,-1.352252420451821,PASS
X9ZU7Y,27-04-2018,8998.32,9120,-121.68000000000029,-1.352252420451821,PASS
IF4QKT,27-04-2018,8998.32,9120,-121.68000000000029,-1.352252420451821,PASS
WRK84O,27-04-2018,4953.42,5129,-175.57999999999993,-3.544621695717301,PASS
UYFJGV,27-04-2018,5713.28,5811,-97.72000000000025,-1.710401030581387,PASS
MH57PS,27-04-2018,78850.87,80640,-1789.1300000000047,-2.2690047681148027,PASS
NIVI4H,27-04-2018,9847.32,9964,-116.68000000000029,-1.184890914482319,PASS
BHSFX4,27-04-2018,8867.81,8993,-125.19000000000051,-1.4117352536872183,PASS
QLEKYF,27-04-2018,3079.5,3192,-112.5,-3.653190452995616,PASS
DTY1QH,27-04-2018,3329.5,3442,-112.5,-3.3788857185763623,PASS
V7XOWN,27-04-2018,4271.43,4312,-40.56999999999971,-0.9497990134451391,PASS
S9T5NI,27-04-2018,8948.12,9077,-128.8799999999992,-1.44030254399806,PASS
CBEQ2A,27-04-2018,6483.9,6638,-154.10000000000036,-2.3766560249232773,PASS
QCZ3QC,27-04-2018,3926.29,4048,-121.71000000000004,-3.0998729080123995,PASS
NKC97O,27-04-2018,2.32,6915,-6912.68,-297960.3448275862,PASS
V8V7VW,02-05-2018,8076.51,8564,-487.4899999999998,-6.035899169319419,PASS
KCS57N,02-05-2018,2624.95,2774,-149.05000000000018,-5.678203394350375,PASS
SLBP3B,02-05-2018,2289.49,2390,-100.51000000000022,-4.3900606685331764,PASS
A5SVUF,02-05-2018,2624.95,2774,-149.05000000000018,-5.678203394350375,PASS
MLBZNR,02-05-2018,5092.8,5207,-114.19999999999982,-2.242381401193839,PASS
VCS5K2,02-05-2018,10912.19,11211,-298.8099999999995,-2.7383137573667566,PASS
WP60GW,02-05-2018,8607.39,8875,-267.6100000000006,-3.109072552771521,PASS
S2UEPR,02-05-2018,12309.62,12714,-404.3799999999992,-3.2850729754452144,PASS
QZT2FC,02-05-2018,4304.2,12933,-8628.8,-200.47395567120486,PASS
LIF7HK,02-05-2018,4805.92,14517,-9711.08,-202.06495322435663,PASS
CYPFMT,02-05-2018,4717.41,4994,-276.59000000000015,-5.863174920136265,PASS
MJSZS0,02-05-2018,4383.88,4658,-274.1199999999999,-6.252908382528716,PASS
LBTRND,02-05-2018,9575.25,9844,-268.75,-2.8067152293673794,PASS
L7DIDJ,02-05-2018,4980.58,5155,-174.42000000000007,-3.5020017748936887,PASS
SEYK5R,02-05-2018,7556.86,7909,-352.1400000000003,-4.6598719574003,PASS
XIW3VN,02-05-2018,5692.52,5836,-143.47999999999956,-2.5205005867348653,PASS
FEC8YK,02-05-2018,7131,7457,-326,-4.571588837470201,PASS
MC33MP,02-05-2018,5692.52,5836,-143.47999999999956,-2.5205005867348653,PASS
7F82SS,02-05-2018,20939.34,21000,-60.659999999999854,-0.28969394450827896,PASS
RFRHHT,02-05-2018,5624.52,5638,-13.479999999999563,-0.23966489584888243,PASS
J4NRMV,02-05-2018,9210.43,9394,-183.5699999999997,-1.9930665560674115,PASS
PHNMWA,02-05-2018,10538.52,10637,-98.47999999999956,-0.9344765678672106,PASS
3C888Y,07-04-2018,28378.78,29013,-634.2200000000012,-2.234838847899738,PASS
CCE5QM,07-04-2018,5807.26,5942,-134.73999999999978,-2.3201991989337447,PASS
U6Y4GV,07-04-2018,7491.54,7844,-352.46000000000004,-4.704773651345385,PASS
VDUR4J,07-04-2018,9619.99,9781,-161.01000000000022,-1.6737023635159727,PASS
W43ZXN,07-04-2018,3337.49,7074,-3736.51,-111.9556912530075,PASS
Q9WLKD,07-04-2018,3294.01,3506,-211.98999999999978,-6.435621021186935,PASS
ZY25VY,07-04-2018,5152.57,5304,-151.4300000000003,-2.9389217419656655,PASS
Q8UGVN,07-04-2018,8506.68,8758,-251.3199999999997,-2.9543840840374824,PASS
QZNXO6,07-04-2018,5375.3,5608,-232.69999999999982,-4.329060703588633,PASS
JQWQHR,07-04-2018,7841.9,8160,-318.10000000000036,-4.0564148994503935,PASS
2PK8XY,07-04-2018,7841.9,8160,-318.10000000000036,-4.0564148994503935,PASS
LAFLMQ,07-04-2018,2890.14,5994,-3103.86,-107.39479748385892,PASS
ZEJ6RZ,07-04-2018,7026.74,7253,-226.26000000000022,-3.2199853701716616,PASS
P5I5GP,20-04-2018,7733.8,8110,-376.1999999999998,-4.864361633349709,PASS
RP22NW,20-04-2018,4078.5,4079,-0.5,-0.01225940909648155,PASS
GHDTVB,20-04-2018,10382.08,10688,-305.9200000000001,-2.9466157070644807,PASS
MIDMTM,20-04-2018,4275.48,4435,-159.52000000000044,-3.731043064170583,PASS
8VBLNW,20-04-2018,7240.08,7510,-269.9200000000001,-3.7281356007115956,PASS
9BS1JC,20-04-2018,10188.84,10509,-320.15999999999985,-3.142261533206919,PASS
NL2B9B,20-04-2018,2835.47,2852,-16.5300000000002,-0.5829721351310436,PASS
5V656G,20-04-2018,9523.42,9827,-303.5799999999999,-3.18772037776345,PASS
PLGPPS,20-04-2018,5144.47,5382,-237.52999999999975,-4.617190886524749,PASS
9XZQ2I,20-04-2018,73836.28,75105,-1268.7200000000012,-1.7182880827690685,PASS
TRGGQQ,20-04-2018,1927,3854,-1927,-100,PASS
942FG2,20-04-2018,13211.58,27096,-13884.42,-105.0928049483862,PASS
PJ4E3H,20-04-2018,4888.5,5013,-124.5,-2.546793494937097,PASS
STILMR,20-04-2018,3962.82,4116,-153.17999999999984,-3.8654291640801204,PASS
SQX6BG,20-04-2018,80139.5,82274,-2134.5,-2.663480555780857,PASS
7FJL44,20-04-2018,9230.7,9532,-301.2999999999993,-3.264107814141931,PASS
FBYHGD,16-04-2018,3708,3828,-120,-3.2362459546925564,PASS
D4NBYY,16-04-2018,10931.36,11314,-382.6399999999994,-3.50038787488473,PASS
KKLK6C,16-04-2018,4689,4689,0,0,PASS
T8R9DD,16-04-2018,8590.63,8727,-136.3700000000008,-1.5874272317629885,PASS
NTEBNL,16-04-2018,4629.53,4838,-208.47000000000025,-4.503048905612454,PASS
DG4DRQ,16-04-2018,3404.35,3512,-107.65000000000009,-3.1621308032370377,PASS
OEZVEU,16-04-2018,4398.52,4559,-160.47999999999956,-3.648499949983166,PASS
Y3LFKB,16-04-2018,16379.93,16817,-437.0699999999997,-2.6683264214193816,PASS
GKG47B,16-04-2018,9427.41,9560,-132.59000000000015,-1.4064308224634354,PASS
ECSZYM,16-04-2018,6565.34,13218,-6652.66,-101.33001489641053,PASS
NS7WUB,16-04-2018,3509.59,3662,-152.40999999999985,-4.342672505905243,PASS
PTKH3U,16-04-2018,2491,5208,-2717,-109.0726615816941,PASS
XK7Q5U,16-04-2018,6112.57,12480,-6367.43,-104.16944100435661,PASS
VPTSVG,16-04-2018,4491,4550,-59,-1.3137385882876864,PASS
V3LHXN,16-04-2018,5861.28,6041,-179.72000000000025,-3.0662244424426106,PASS
LOD2AN,16-04-2018,6319.49,6604,-284.5100000000002,-4.502103809009908,PASS
U7WGQZ,16-04-2018,5597.57,5761,-163.4300000000003,-2.9196597809406635,PASS
XCQWJD,16-04-2018,7113.53,7277,-163.47000000000025,-2.298015190770268,PASS
RGYV8Q,16-04-2018,6605.98,6763,-157.02000000000044,-2.376937259876664,PASS
MFTE8Q,30-04-2018,5512.77,5630,-117.22999999999956,-2.1265171592502417,PASS
DH9B3K,30-04-2018,7567.12,7692,-124.88000000000011,-1.6502976033153975,PASS
CKRPXR,30-04-2018,10538.52,10677,-138.47999999999956,-1.3140365060748525,PASS
LGHPXD,30-04-2018,5585.8,5700,-114.19999999999982,-2.044469905832644,PASS
IDTVNJ,30-04-2018,10832.65,10971,-138.35000000000036,-1.2771574822411909,PASS
QGP77A,30-04-2018,10538.52,10677,-138.47999999999956,-1.3140365060748525,PASS
WD06F6,30-04-2018,6850.29,7039,-188.71000000000004,-2.754773885485141,PASS
XFU8MG,30-04-2018,10836.52,10977,-140.47999999999956,-1.2963571331017667,PASS
TB9SRE,30-04-2018,3707.05,3858,-150.94999999999982,-4.071970974224783,PASS
P8R79X,26-04-2018,4182.5,4343,-160.5,-3.83741781231321,PASS
RZ6DLM,26-04-2018,5755.6,5918,-162.39999999999964,-2.8215998332059145,PASS
TNFQNW,26-04-2018,9949.36,10265,-315.6399999999994,-3.1724653646063605,PASS
WVLWJD,26-04-2018,3323.22,3477,-153.7800000000002,-4.627439651903883,PASS
W6H478,26-04-2018,5680.38,5921,-240.6199999999999,-4.235984212323821,PASS
UHEF3N,26-04-2018,4650.27,4764,-113.72999999999956,-2.445664445290264,PASS
GE1IVJ,26-04-2018,4900.27,5014,-113.72999999999956,-2.320892522248765,PASS
92097Q,26-04-2018,5769.94,12112,-6342.06,-109.91552771779259,PASS
D93KYY,26-04-2018,2362.91,2465,-102.09000000000015,-4.320520036734372,PASS
AF2MTT,26-04-2018,3926.3,4036,-109.69999999999982,-2.793979064258967,PASS
B9W5GA,26-04-2018,3645.3,3804,-158.69999999999982,-4.353551148053652,PASS
NP8OOJ,26-04-2018,6793.27,13924,-7130.73,-104.96756348562619,PASS
WZ85RE,26-04-2018,6162.5,6257,-94.5,-1.5334685598377282,PASS
TKTQW4,26-04-2018,9587.04,9826,-238.95999999999913,-2.49253158430547,PASS
NSQECJ,26-04-2018,7381.26,7554,-172.73999999999978,-2.3402508514806386,PASS
UCHYHK,26-04-2018,8083.59,8391,-307.40999999999985,-3.802889557733629,PASS
LVZZT6,26-04-2018,13384.63,31360,-17975.370000000003,-134.29859473141957,PASS
TPQ42I,26-04-2018,5812.27,6038,-225.72999999999956,-3.883680558542524,PASS
AV4ZVB,26-04-2018,8578.5,8697,-118.5,-1.381360377688407,PASS
J8Q3NM,26-04-2018,4067.56,4232,-164.44000000000005,-4.042718484791867,PASS
SNPXZ6,26-04-2018,3108.55,3308,-199.44999999999982,-6.416174743851628,PASS
TAGMVW,26-04-2018,3415.88,3567,-151.1199999999999,-4.424042999168585,PASS
7R8CT0,26-04-2018,7571.41,7727,-155.59000000000015,-2.054967304636787,PASS
N8DB8Y,12-04-2018,7376.36,7539,-162.64000000000033,-2.2048815404888096,PASS
TV3272,12-04-2018,9137.71,9375,-237.29000000000087,-2.596821304243633,PASS
84PWM0,12-04-2018,9708.28,9951,-242.71999999999935,-2.500133906315015,PASS
97194M,12-04-2018,9137.71,9470,-332.2900000000009,-3.6364690934599686,PASS
UL35KE,12-04-2018,4039.52,4150,-110.48000000000002,-2.734978413276825,PASS
MCQK5Z,12-04-2018,2993.82,3099,-105.17999999999984,-3.5132372687736684,PASS
KL87FB,12-04-2018,6136.52,6255,-118.47999999999956,-1.9307359871718752,PASS
M9CN3V,12-04-2018,7606.73,7737,-130.27000000000044,-1.712562428270761,PASS
S2WTGY,12-04-2018,8493.06,8752,-258.9400000000005,-3.04884223118641,PASS
JEM8UW,12-04-2018,5349.96,5458,-108.03999999999996,-2.0194543510605683,PASS
KBQBWQ,12-04-2018,1540.51,1686,-145.49,-9.444274947906862,PASS
U5JUBB,12-04-2018,6109.76,6419,-309.2399999999998,-5.061409940816002,PASS
XD5IXK,12-04-2018,10953.25,11246,-292.75,-2.6727227078720928,PASS
B4RLRS,26-05-2018,1399.92,1528,-128.07999999999993,-9.14909423395622,PASS
A21BMY,16-07-2018,15406.26,32814,-17407.739999999998,-112.9913424802645,PASS
Q7KNYS,06-05-2018,8207.25,8503,-295.75,-3.6035212769197966,PASS
JJ71XY,07-05-2018,1990,5970,-3980,-200,PASS
T6N5GK,07-05-2018,8025.64,8223,-197.35999999999967,-2.459118525126964,PASS
T7M5ZC,07-05-2018,4487.42,4641,-153.57999999999993,-3.422456556328579,PASS
SW8D3Y,07-05-2018,8024.64,8315,-290.3599999999997,-3.6183554651672805,PASS
JRF3WZ,07-05-2018,8024.64,8315,-290.3599999999997,-3.6183554651672805,PASS
JSS6JP,07-05-2018,8024.64,8315,-290.3599999999997,-3.6183554651672805,PASS
NDDUVM,07-05-2018,3938.16,4060,-121.84000000000015,-3.0938306214069553,PASS
IJ3N2U,07-05-2018,4165.16,4287,-121.84000000000015,-2.9252177587415646,PASS
VH1H8A,07-05-2018,3938.16,4060,-121.84000000000015,-3.0938306214069553,PASS
HFY9KT,07-05-2018,4165.16,4287,-121.84000000000015,-2.9252177587415646,PASS
TD3ABS,07-05-2018,19436.07,19622,-185.9300000000003,-0.9566234326178095,PASS
TDVG5R,07-05-2018,6032.96,24764,-18731.04,-310.47843844480985,PASS
X34TNY,19-04-2018,136192.72,141142,-4949.279999999999,-3.6340268407885525,PASS
NF7QMG,19-04-2018,2674.43,2804,-129.57000000000016,-4.844770661411971,PASS
BUNGSR,19-04-2018,3990,4085,-95,-2.380952380952381,PASS
SITJ8Y,19-04-2018,2290,2385,-95,-4.148471615720524,PASS
VYSGVT,19-04-2018,4432.31,13776,-9343.689999999999,-210.8085851395773,PASS
XGIGQT,19-04-2018,14004.12,14174,-169.8799999999992,-1.2130715817916384,PASS
H8NWHY,19-04-2018,5720.73,5846,-125.27000000000044,-2.189755503231239,PASS
SY52RD,19-04-2018,9371.11,9717,-345.8899999999994,-3.691024862582975,PASS
5DN3TQ,19-04-2018,4801.83,5028,-226.17000000000007,-4.710079282273635,PASS
NH3YHA,19-04-2018,4805.92,4931,-125.07999999999993,-2.60262343110164,PASS
SYMFFX,19-04-2018,4880.47,5107,-226.52999999999975,-4.641561161117673,PASS
SZ6CKT,19-04-2018,2755.03,2906,-150.9699999999998,-5.479795138346944,PASS
V3FIKM,19-04-2018,5362.15,5539,-176.85000000000036,-3.298117359641196,PASS
PHXDLY,19-04-2018,5517.14,5750,-232.85999999999967,-4.220665054720374,PASS
O4TDFY,19-04-2018,8286.91,8580,-293.09000000000015,-3.536782709115945,PASS
O51ZHC,19-04-2018,3888.5,4025,-136.5,-3.5103510351035103,PASS
01RLP7,19-04-2018,2639.86,2771,-131.13999999999987,-4.967687680407289,PASS
T93Q6F,19-04-2018,3962.82,4116,-153.17999999999984,-3.8654291640801204,PASS
ADBT7O,10-05-2018,70.8,8377,-8306.2,-11731.920903954804,PASS
590B0W,10-05-2018,55091.75,56211,-1119.25,-2.0316109036289465,PASS
QUK65E,10-05-2018,2379.5,4760,-2380.5,-100.04202563563773,PASS
DIYHHX,10-05-2018,4446.16,4568,-121.84000000000015,-2.740342227900034,PASS
LR23MC,10-05-2018,4306.31,4348,-41.6899999999996,-0.9681142323706281,PASS
LSIEN2,04-04-2018,6882.2,6998,-115.80000000000018,-1.6826014937084097,PASS
RF82GG,04-04-2018,7507.4,7617,-109.60000000000036,-1.459892905666414,PASS
XYVK6G,04-04-2018,3661.79,3901,-239.21000000000004,-6.532597445511621,PASS
DNVL3T,04-04-2018,2334,2452,-118,-5.055698371893745,PASS
QIHJ4Y,04-04-2018,2334,2452,-118,-5.055698371893745,PASS
XLHBKS,04-04-2018,1598,1711,-113,-7.07133917396746,PASS
LM73PP,10-04-2018,2790,2790,0,0,PASS
RY7EXZ,10-04-2018,4678.16,4831,-152.84000000000015,-3.2670964652769494,PASS
LFTB6T,10-04-2018,2848.72,3042,-193.2800000000002,-6.784801595102369,PASS
P5012K,10-04-2018,2675.92,5742,-3066.08,-114.58040599121048,PASS
EE1DMR,10-04-2018,5893.45,18819,-12925.55,-219.3206016849214,PASS
LDU6GJ,10-04-2018,3899.54,4010,-110.46000000000004,-2.832641798776267,PASS
GCWMRM,10-04-2018,5152.57,5267,-114.43000000000029,-2.2208334869783486,PASS
CB3EUC,10-04-2018,5594.73,11380,-5785.27,-103.40570501168065,PASS
QBFRFC,10-04-2018,6599.02,6748,-148.97999999999956,-2.257607947846795,PASS
HE9SUW,10-04-2018,2802.53,2821,-18.4699999999998,-0.6590473607775759,PASS
VICMSN,10-04-2018,5016.68,5049,-32.31999999999971,-0.644250779399916,PASS
826J2E,10-04-2018,6376.42,6556,-179.57999999999993,-2.816313856364542,PASS
SG44VT,10-04-2018,2802.53,2821,-18.4699999999998,-0.6590473607775759,PASS
RCKDTK,10-04-2018,5742.66,6084,-341.34000000000015,-5.943935388826784,PASS
LQVH2L,10-04-2018,1766.46,1968,-201.53999999999996,-11.409259196358818,PASS
NLF9XS,08-04-2018,8990,8990,0,0,PASS
YD3I8M,08-04-2018,4553.35,4679,-125.64999999999964,-2.759506736798173,PASS
53GJDU,08-04-2018,5027.42,5238,-210.57999999999993,-4.18862955551754,PASS
GTE2XH,08-04-2018,7990,8085,-95,-1.1889862327909888,PASS
KD2QTM,08-04-2018,6783.69,13844,-7060.31,-104.07772171192966,PASS
W55CK6,08-04-2018,4641.31,14547,-9905.689999999999,-213.424442668126,PASS
PH1QHR,08-04-2018,6484.06,6713,-228.9399999999996,-3.530812484770338,PASS
ZC1TRG,08-04-2018,6484.06,6713,-228.9399999999996,-3.530812484770338,PASS
XU8PKH,08-04-2018,3189,3302,-113,-3.543430542489809,PASS
OJR7WH,08-04-2018,3565.5,3702,-136.5,-3.8283550694152293,PASS
LX6P2P,08-04-2018,9898.64,10153,-254.36000000000058,-2.5696459311582256,PASS
L69E9S,03-05-2018,6437.62,6819,-381.3800000000001,-5.924239082145267,PASS
M7G4NC,03-05-2018,8842.24,18314,-9471.76,-107.11946294151709,PASS
C59606,03-05-2018,43591.41,45218,-1626.5899999999965,-3.7314461725371957,PASS
ABB4QP,03-05-2018,10719.32,10849,-129.6800000000003,-1.209778232201299,PASS
QCPLYP,03-05-2018,5745,5889,-144,-2.506527415143603,PASS
I9KD9F,03-05-2018,2451.26,2569,-117.73999999999978,-4.803244045919232,PASS
VJGTMO,03-05-2018,11135.45,22532,-11396.55,-102.34476379490725,PASS
MYQT7T,03-05-2018,5358,5442,-84,-1.5677491601343785,PASS
UJPHSX,03-05-2018,4310.88,4381,-70.11999999999989,-1.6265820435734675,PASS
O8LY7Y,03-05-2018,10538.52,10679,-140.47999999999956,-1.3330145029852347,PASS
7V1WH2,29-04-2018,9668.5,10032,-363.5,-3.7596317939701094,PASS
P816UJ,29-04-2018,11261.84,11661,-399.15999999999985,-3.544358648320344,PASS
V3HTVM,29-04-2018,11198.6,11455,-256.39999999999964,-2.289571910774558,PASS
V4KXMN,29-04-2018,14771.18,15043,-271.8199999999997,-1.8402050479379422,PASS
PKLQLE,29-04-2018,112339.4,230972,-118632.6,-105.601952654189,PASS
ZS7GGW,29-04-2018,16375.09,16431,-55.909999999999854,-0.3414332379241876,PASS
AGRLJN,29-04-2018,3503.64,3623,-119.36000000000013,-3.406742701875767,PASS
SQX6BG,29-04-2018,18555,37936,-19381,-104.45163028833197,PASS
84N9T8,08-05-2018,4628.25,9820,-5191.75,-112.17522821800895,PASS
T8MAD9,08-05-2018,8025.64,8254,-228.35999999999967,-2.8453805553201943,PASS
KD7ETM,08-05-2018,6458.44,6578,-119.5600000000004,-1.8512210378977028,PASS
JC7YSP,08-05-2018,4165.16,4287,-121.84000000000015,-2.9252177587415646,PASS
OTWDJZ,08-05-2018,4555.22,4598,-42.779999999999745,-0.9391423465825962,PASS
S832W8,08-05-2018,23142.21,23756,-613.7900000000009,-2.6522531772030455,PASS
FE5DKW,09-05-2018,8348.48,8520,-171.52000000000044,-2.0545057303844585,PASS
GG266A,09-05-2018,7936.95,8064,-127.05000000000018,-1.6007408387352848,PASS
TLG1UE,09-05-2018,6188.44,6308,-119.5600000000004,-1.931989322026236,PASS
LR23MC,09-05-2018,3813.5,3831,-17.5,-0.45889602727153533,PASS
T6R7XG,09-05-2018,7215.26,14636,-7420.74,-102.84785302262149,PASS
839X9Y,09-05-2018,38184.84,38944,-759.1600000000035,-1.9881188450704614,PASS
PKTSQE,11-04-2018,2532.05,2642,-109.94999999999982,-4.342331312572809,PASS
M989SY,11-04-2018,5461.15,5594,-132.85000000000036,-2.432637814379762,PASS
YZSVPR,11-04-2018,5545.29,5784,-238.71000000000004,-4.304734288017399,PASS
K6P98J,11-04-2018,5545.29,5784,-238.71000000000004,-4.304734288017399,PASS
L961ST,11-04-2018,8493.06,8818,-324.9400000000005,-3.8259473028566915,PASS
Q93KXL,11-04-2018,4743.72,4857,-113.27999999999975,-2.38799929169512,PASS
X9I4TL,11-04-2018,3128.46,3242,-113.53999999999996,-3.6292616814662795,PASS
S2YRZE,11-04-2018,5375.3,5539,-163.69999999999982,-3.0454114188975465,PASS
CIH42V,11-04-2018,2490,9960,-7470,-300,PASS
752HHE,11-04-2018,5158.07,5334,-175.9300000000003,-3.4107718584664477,PASS
OG455Q,11-04-2018,5544.72,5694,-149.27999999999975,-2.6922910444530967,PASS
FIDVKX,11-04-2018,3848.26,3987,-138.73999999999978,-3.6052657564717503,PASS
R9LI2V,11-04-2018,5544.72,5694,-149.27999999999975,-2.6922910444530967,PASS
RB8SHS,11-04-2018,5010.78,5158,-147.22000000000025,-2.938065530715782,PASS
WGZJGT,11-04-2018,2176.32,2292,-115.67999999999984,-5.3153947948830975,PASS
WDQGSM,11-04-2018,5016.68,5049,-32.31999999999971,-0.644250779399916,PASS
KF2PGT,11-04-2018,4837.69,5048,-210.3100000000004,-4.347322792489813,PASS
LXBZCU,11-04-2018,5266.08,5498,-231.92000000000007,-4.404034879834717,PASS
OESF2T,11-04-2018,5517.73,5644,-126.27000000000044,-2.288441079936866,PASS
T932UL,11-04-2018,2037.07,2162,-124.93000000000006,-6.132828032419115,PASS
TWG2OY,24-04-2018,6837.99,6999,-161.01000000000022,-2.354639301900123,PASS
ZGPL6Q,24-04-2018,2965.56,3069,-103.44000000000005,-3.4880427305466775,PASS
CFL34A,24-04-2018,5949.77,6066,-116.22999999999956,-1.9535208924042369,PASS
WNLKRV,24-04-2018,4782.31,4954,-171.6899999999996,-3.5901060366224606,PASS
K1NF7Y,24-04-2018,5325.51,5629,-303.4899999999998,-5.698796922736034,PASS
RL6QRE,24-04-2018,7741.05,7854,-112.94999999999982,-1.4591043850640393,PASS
RLZIVZ,24-04-2018,7324.53,7480,-155.47000000000025,-2.1225935315986177,PASS
XHN68N,24-04-2018,3842.13,3963,-120.86999999999989,-3.145911252352208,PASS
BKB55B,24-04-2018,2085.93,2203,-117.07000000000016,-5.612364748577382,PASS
JDJCLJ,24-04-2018,7551.19,7632,-80.8100000000004,-1.0701624512163037,PASS
7TV1G6,24-04-2018,6812.05,7035,-222.94999999999982,-3.272876740481937,PASS
MMS8RK,24-04-2018,7980.58,8143,-162.42000000000007,-2.035190424756096,PASS
RCFTNW,24-04-2018,8314.13,8675,-360.8700000000008,-4.340442114809377,PASS
VZ8B12,04-05-2018,5571.6,5736,-164.39999999999964,-2.9506784406633577,PASS
SXRHLR,04-05-2018,2558.8,2741,-182.19999999999982,-7.120525246209153,PASS
T913JL,04-05-2018,7366.81,7490,-123.1899999999996,-1.6722299068389113,PASS
TIZWTA,04-05-2018,6602.16,6723,-120.84000000000015,-1.8303100803373464,PASS
R9N2SY,04-05-2018,3580.53,3602,-21.4699999999998,-0.5996318980709504,PASS
DN2R4C,04-05-2018,8296.35,8418,-121.64999999999964,-1.466307472563231,PASS
Z9MCJY,04-05-2018,1994.65,1999,-4.349999999999909,-0.21808337302283148,PASS
JIKCSK,04-05-2018,4408.88,4479,-70.11999999999989,-1.5904265936020008,PASS
GH27WA,04-05-2018,6342.06,6417,-74.9399999999996,-1.1816349892621576,PASS
UJWVKX,01-05-2018,8442.6,8574,-131.39999999999964,-1.5563925804846805,PASS
BW2G6Q,01-05-2018,10068.49,10314,-245.51000000000022,-2.4383994024923323,PASS
NFGPGT,01-05-2018,13511.88,13661,-149.1200000000008,-1.1036214057555338,PASS
ZF5042,01-05-2018,10108.56,10395,-286.4400000000005,-2.833638025594155,PASS
LVZZT6,01-05-2018,2161,4558,-2397,-110.92086996760759,PASS
X387MR,01-05-2018,9575.25,10057,-481.75,-5.031200229759014,PASS
E9E9NJ,01-05-2018,8934,9006,-72,-0.8059100067159166,PASS
VYZ4HZ,01-05-2018,9575.25,10057,-481.75,-5.031200229759014,PASS
PCW9MQ,01-05-2018,3486.5,3610,-123.5,-3.5422343324250685,PASS
MHICYA,01-05-2018,5310.8,5436,-125.19999999999982,-2.357460269639222,PASS
WWCH4J,01-05-2018,12379.5,12451,-71.5,-0.5775677531402722,PASS
TBRFCP,01-05-2018,5388.79,5545,-156.21000000000004,-2.898795462432198,PASS
5N5108,01-05-2018,10912.19,11154,-241.8099999999995,-2.2159621487529035,PASS
9260X8,28-04-2018,8225.46,17028,-8802.54,-107.01577784099614,PASS
O6536Q,28-04-2018,13013.12,13344,-330.8799999999992,-2.5426646338464503,PASS
7MV484,28-04-2018,9747.27,10031,-283.72999999999956,-2.9108663246221718,PASS
TB734C,28-04-2018,11706.95,11849,-142.04999999999927,-1.2133817945750112,PASS
C7R7KL,28-04-2018,12227.15,12372,-144.85000000000036,-1.1846587307753678,PASS
SOJZTF,28-04-2018,5566.62,5774,-207.3800000000001,-3.725420452626551,PASS
SVKLIL,28-04-2018,15641.25,16013,-371.75,-2.376728202669224,PASS
W53CYF,28-04-2018,5960.59,6065,-104.40999999999985,-1.7516722337889348,PASS
UVLJYL,28-04-2018,11631.43,11809,-177.5699999999997,-1.5266394587767773,PASS
IKCHMF,28-04-2018,5825.5,5938,-112.5,-1.9311647068921123,PASS
VFN27T,11-05-2018,4446.16,4556,-109.84000000000015,-2.4704464076866364,PASS
JTRL7E,11-05-2018,4829.5,4942,-112.5,-2.329433688787659,PASS
KLF6VR,11-05-2018,4476.88,4600,-123.11999999999989,-2.750129554511175,PASS
SW971O,11-05-2018,5054.55,5230,-175.44999999999982,-3.471129972005417,PASS
UHVTUB,11-05-2018,1987.5,3976,-1988.5,-100.0503144654088,PASS
T6SUPD,11-05-2018,7085.26,7188,-102.73999999999978,-1.450052644504221,PASS
X2BBN4,20-05-2018,5150.86,5313,-162.14000000000033,-3.147823858540134,PASS
A6NH2Q,21-05-2018,5514.77,5775,-260.22999999999956,-4.718782469622478,PASS
SF5330,21-05-2018,60987.2,187524,-126536.8,-207.4809140278616,PASS
Z8JP2L,13-05-2018,9545.84,28845,-19299.16,-202.1735122315061,PASS
RXKFS6,19-05-2018,5023.92,15414,-10390.08,-206.81221038551567,PASS
RCB3GJ,28-07-2018,3154.22,3316,-161.7800000000002,-5.129001781740024,PASS
RD2NQ7,28-07-2018,3869.91,4051,-181.09000000000015,-4.679436989490716,PASS
CFCW7Q,05-08-2018,3128.54,3149,-20.460000000000036,-0.6539791723935138,PASS
WYPYVI,29-05-2018,2664.1,5358,-2693.9,-101.11857663000639,PASS
W1X0LA,29-05-2018,73342.99,75535,-2192.0099999999948,-2.9887109865578085,PASS
FKTZPR,13-06-2018,2129,15393,-13264,-623.0155002348521,PASS
6W2F4S,16-06-2018,11403.46,47200,-35796.54,-313.90946256662454,PASS
I4R5TS,07-06-2018,10428,11723,-1295,-12.41848868431147,PASS
VYDR7Q,02-06-2018,13044.63,45135,-32090.370000000003,-246.00444780725869,PASS
A796B6,25-05-2018,3704.69,3874,-169.30999999999995,-4.57015296826455,PASS
IBLPHP,25-05-2018,4878.6,4891,-12.399999999999636,-0.2541712786455056,PASS
IT15WX,12-05-2018,1686.5,1687,-0.5,-0.029647198339756892,PASS
EVGEHB,12-05-2018,7750.5,7751,-0.5,-0.006451196696987291,PASS
UHYPHA,17-05-2018,3286.62,3406,-119.38000000000011,-3.632303095581482,PASS
SM53HA,17-05-2018,60987.2,65658,-4670.800000000003,-7.658656242621407,PASS
HYN2MS,18-05-2018,2724.68,2844,-119.32000000000016,-4.379229854515032,PASS
LF3FGM,22-05-2018,3563.72,3605,-41.2800000000002,-1.158340161404381,PASS
R9NQVY,30-05-2018,3128.54,3249,-120.46000000000004,-3.8503583141017863,PASS
AC2E7Z,30-05-2018,4057.76,4180,-122.23999999999978,-3.0124995071172216,PASS
8Q3NRE,10-04-2018,80377,80318,59,0.07340408325764833,FAIL
HL08N,20180409,,,,,AVAILABLE ONLY ON TRIPEUR
AJLKEO,20180409,,,,,AVAILABLE ONLY ON TRIPEUR
IWAVCE,20180409,,,,,AVAILABLE ONLY ON TRIPEUR
TGVRAD,20180409,,,,,AVAILABLE ONLY ON TRIPEUR
DNMVR0,20180417,,,,,AVAILABLE ONLY ON TRIPEUR
GMDUGG,20180414,,,,,AVAILABLE ONLY ON TRIPEUR
MYIZMB,20180414,,,,,AVAILABLE ONLY ON TRIPEUR
ASDEW345,20180414,,,,,AVAILABLE ONLY ON TRIPEUR
sdfsd,20180414,,,,,AVAILABLE ONLY ON TRIPEUR
AR564QW,20180414,,,,,AVAILABLE ONLY ON TRIPEUR
AS432A,20180414,,,,,AVAILABLE ONLY ON TRIPEUR
AI143M,20180414,,,,,AVAILABLE ONLY ON TRIPEUR
,20180325,,,,,
,20180326,,,,,
"5KVHF8,",20180422,,,,,AVAILABLE ONLY ON TRIPEUR
WGTNBC,20180422,,,,,AVAILABLE ONLY ON TRIPEUR
,20180322,,,,,
,20180330,,,,,
LEBKPN,20180502,,,,,AVAILABLE ONLY ON TRIPEUR
"PK500K,",20180407,,,,,AVAILABLE ONLY ON TRIPEUR
F765VX,20180420,,,,,AVAILABLE ONLY ON TRIPEUR
"SN4QHI,",20180420,,,,,AVAILABLE ONLY ON TRIPEUR
"SQX6BG,",20180420,,,,,AVAILABLE ONLY ON TRIPEUR
MQNJMI,20180506,,,,,AVAILABLE ONLY ON TRIPEUR
TX3JWE,20180506,,,,,AVAILABLE ONLY ON TRIPEUR
MQNJMI,20180507,,,,,AVAILABLE ONLY ON TRIPEUR
TX3JWE,20180507,,,,,AVAILABLE ONLY ON TRIPEUR
Z67P4,20180404,,,,,AVAILABLE ONLY ON TRIPEUR
LYZGMI,20180605,,,,,AVAILABLE ONLY ON TRIPEUR
ECSZYM,20180411,,,,,AVAILABLE ONLY ON TRIPEUR
OXJNVL,20180411,,,,,AVAILABLE ONLY ON TRIPEUR
